<?xml version="1.0" encoding="UTF-8"?>
<project-private xmlns="http://www.netbeans.org/ns/project-private/1">
    <editor-bookmarks xmlns="http://www.netbeans.org/ns/editor-bookmarks/2" lastBookmarkId="0"/>
    <open-files xmlns="http://www.netbeans.org/ns/projectui-open-files/2">
        <group>
            <file>file:/C:/Users/a/Desktop/User/src/user/User.java</file>
            <file>file:/C:/Users/a/Desktop/User/src/user/Validator.java</file>
            <file>file:/C:/Users/a/Desktop/User/src/user/LoginSystem.java</file>
            <file>file:/C:/Users/a/Desktop/User/src/user/LoginGUI.java</file>
            <file>file:/C:/Users/a/Desktop/User/test/user/ValidatorIT.java</file>
        </group>
    </open-files>
</project-private>
